	Orientation	ResolutionUnit	ExifOffset	XResolution	YResolution	ExifImageWidth	ExifImageHeight	Food Combination	DateTime	ExifVersion	ComponentsConfiguration	FlashPixVersion	DateTimeOriginal	DateTimeDigitized	ColorSpace	SceneCaptureType	OffsetTime	OffsetTimeOriginal	OffsetTimeDigitized	SubsecTime	SubsecTimeOriginal	SubsecTimeDigitized	Make	Model	Software	YCbCrPositioning	HostComputer	ShutterSpeedValue	ApertureValue	BrightnessValue	ExposureBiasValue	MeteringMode	Flash	FocalLength	FocalLengthIn35mmFilm	SubjectLocation	SensingMethod	ExposureTime	FNumber	SceneType	ExposureProgram	ISOSpeedRatings	ExposureMode	WhiteBalance	LensSpecification	LensMake	LensModel	CompositeImage	DigitalZoomRatio	TileWidth	TileLength	latitude_decimal	longitude_decimal	Average 2023 Daily Temperature (Celsius)	Average 2023 Daily Min Temperature (Celsius)	Average 2023 Daily Max Temperature (Celsius)	Average 2023 Daily Rainfall (mm) 	Daily River Discharge (Flooding Risk)	nearby_city	state	country	MaxApertureValue	LightSource	ExifInteroperabilityOffset	Contrast	Saturation	Sharpness	SubjectDistanceRange	ExposureIndex	FileSource	CustomRendered	GainControl	UserComment	SensitivityType	ISOSpeed
images/IMG_0996.jpg	1	2.0	90	144.0	144.0	750	172	526																																																																			
images/IMG_7498.jpeg	1	2.0	122	72.0	72.0	574	916	782	2024:02:02 19:14:17	b'0221'	b'\x01\x02\x03\x00'	b'0100'	2024:02:02 19:14:17	2024:02:02 19:14:17	1.0	0.0	-08:00	-08:00	-08:00	299	299	299																																																					
images/IMG_0440 12.34.26 PM.jpeg	6	2.0	250	72.0	72.0	4032	3024	190	2022:12:16 07:18:07	b'0232'	b'\x01\x02\x03\x00'	b'0100'	2022:12:16 07:18:07	2022:12:16 07:18:07	65535.0	0.0	-08:00	-08:00	-08:00		264	264	Apple	iPhone SE (3rd generation)	16.0	1.0	iPhone SE (3rd generation)	5.914238165680473	1.6959938128383605	1.7734638570875505	0.0	5.0	16.0	3.99	28.0	(2015, 1511, 2323, 1330)	2.0	0.016666666666666666	1.8	b'\x01'	2.0	250.0	0.0	0.0	(3.9900000095374253, 3.9900000095374253, 1.8, 1.8)	Apple	iPhone SE (3rd generation) back camera 3.99mm f/1.8	2.0																											
images/IMG_0799.jpeg	6	2.0	250	72.0	72.0	4032	3024	849	2023:05:01 18:48:58	b'0232'	b'\x01\x02\x03\x00'	b'0100'	2023:05:01 18:48:58	2023:05:01 18:48:58	65535.0	0.0	-07:00	-07:00	-07:00		198	198	Apple	iPhone SE (3rd generation)	16.0	1.0	iPhone SE (3rd generation)	5.914238165680473	1.6959938128383605	2.017385521565647	0.0	5.0	16.0	3.99	28.0	(2013, 1511, 2217, 1330)	2.0	0.016666666666666666	1.8	b'\x01'	2.0	200.0	0.0	0.0	(3.9900000095374253, 3.9900000095374253, 1.8, 1.8)	Apple	iPhone SE (3rd generation) back camera 3.99mm f/1.8	2.0																											
images/IMG_0633.jpeg	1	2.0	250	72.0	72.0	4032	3024	360	2023:03:03 21:29:39	b'0232'	b'\x01\x02\x03\x00'	b'0100'	2023:03:03 21:29:39	2023:03:03 21:29:39	65535.0	0.0	-08:00	-08:00	-08:00		764	764	Apple	iPhone SE (3rd generation)	16.0	1.0	iPhone SE (3rd generation)	4.585539693950909	1.6959938128383605	-1.0304548884546176	0.0	5.0	16.0	3.99	37.0	(2577, 557, 374, 374)	2.0	0.041666666666666664	1.8	b'\x01'	2.0	640.0	0.0	0.0	(3.9900000095374253, 3.9900000095374253, 1.8, 1.8)	Apple	iPhone SE (3rd generation) back camera 3.99mm f/1.8	2.0	1.302325581395349																										
images/IMG_0849.jpeg	6	2.0	250	72.0	72.0	4032	3024	181	2023:05:13 16:11:20	b'0232'	b'\x01\x02\x03\x00'	b'0100'	2023:05:13 16:11:20	2023:05:13 16:11:20	65535.0	0.0	-07:00	-07:00	-07:00		079	079	Apple	iPhone SE (3rd generation)	16.0	1.0	iPhone SE (3rd generation)	5.643784051510649	1.6959938128383605	1.0644908160892816	0.0	5.0	16.0	3.99	28.0	(2013, 1511, 2217, 1330)	2.0	0.02	1.8	b'\x01'	2.0	320.0	0.0	0.0	(3.9900000095374253, 3.9900000095374253, 1.8, 1.8)	Apple	iPhone SE (3rd generation) back camera 3.99mm f/1.8	2.0																											
images/IMG_0388.jpeg	1	2.0	250	72.0	72.0	4032	3024	401	2022:11:20 15:13:10	b'0232'	b'\x01\x02\x03\x00'	b'0100'	2022:11:20 15:13:10	2022:11:20 15:13:10	65535.0	0.0	-05:00	-05:00	-05:00		113	113	Apple	iPhone SE (3rd generation)	16.0	1.0	iPhone SE (3rd generation)	9.895394957983193	1.6959938128383605	8.74366268411404	0.0	5.0	16.0	3.99	28.0	(1992, 1505, 173, 175)	2.0	0.0010504201680672268	1.8	b'\x01'	2.0	32.0	0.0	0.0	(3.9900000095374253, 3.9900000095374253, 1.8, 1.8)	Apple	iPhone SE (3rd generation) back camera 3.99mm f/1.8	2.0																											
images/IMG_7508.jpeg	6	2.0	256	72.0	72.0	4032	3024	986	2024:03:05 22:11:56	b'0232'	b'\x01\x02\x03\x00'	b'0100'	2024:03:05 22:11:56	2024:03:05 22:11:56	65535.0	0.0	-08:00	-08:00	-08:00		776	776	Apple	iPhone 13 Pro Max	17.3.1	1.0	iPhone 13 Pro Max	5.3394619701954715	1.6959938128383605	0.7249050108790959	0.0	5.0	16.0	1.57	13.0	(2015, 1511, 2323, 1330)	2.0	0.025	1.8	b'\x01'	2.0	800.0	0.0	0.0	(1.5700000524639703, 9.0, 1.5, 2.8)	Apple	iPhone 13 Pro Max back triple camera 1.57mm f/1.8	2.0		512.0	512.0																								
images/IMG_0469.jpeg	6	2.0	250	72.0	72.0	4032	3024	41	2023:01:07 20:12:21	b'0232'	b'\x01\x02\x03\x00'	b'0100'	2023:01:07 20:12:21	2023:01:07 20:12:21	65535.0	0.0	-08:00	-08:00	-08:00		138	138	Apple	iPhone SE (3rd generation)	16.0	1.0	iPhone SE (3rd generation)	4.829018691588785	1.6959938128383605	-1.3868382472715426	0.0	5.0	16.0	3.99	28.0	(2015, 1511, 2323, 1330)	2.0	0.03571428571428571	1.8	b'\x01'	2.0	640.0	0.0	0.0	(3.9900000095374253, 3.9900000095374253, 1.8, 1.8)	Apple	iPhone SE (3rd generation) back camera 3.99mm f/1.8	2.0																											
images/IMG_0391 12.34.26 PM.jpeg	1	2.0	250	72.0	72.0	4032	3024	893	2022:11:20 15:13:30	b'0232'	b'\x01\x02\x03\x00'	b'0100'	2022:11:20 15:13:30	2022:11:20 15:13:30	65535.0	0.0	-05:00	-05:00	-05:00		866	866	Apple	iPhone SE (3rd generation)	16.0	1.0	iPhone SE (3rd generation)	8.937922506183018	1.6959938128383605	7.872948128693368	0.0	5.0	16.0	3.99	49.0	(1872, 589, 279, 284)	2.0	0.0020408163265306124	1.8	b'\x01'	2.0	32.0	0.0	0.0	(3.9900000095374253, 3.9900000095374253, 1.8, 1.8)	Apple	iPhone SE (3rd generation) back camera 3.99mm f/1.8	2.0	1.7419354838709677																										
images/IMG_0995.jpg	1	2.0	90	144.0	144.0	750	155	662																																																																			
images/IMG_0982.jpeg	1	2.0	250	72.0	72.0	4032	3024	220	2023:06:09 11:48:48	b'0232'	b'\x01\x02\x03\x00'	b'0100'	2023:06:09 11:48:48	2023:06:09 11:48:48	65535.0	0.0	-07:00	-07:00	-07:00		758	758	Apple	iPhone SE (3rd generation)	16.0	1.0	iPhone SE (3rd generation)	9.4387139433011	1.6959938128383605	8.373739564133146	0.0	5.0	16.0	3.99	28.0	(1346, 635, 291, 293)	2.0	0.001440922190201729	1.8	b'\x01'	2.0	32.0	0.0	0.0	(3.9900000095374253, 3.9900000095374253, 1.8, 1.8)	Apple	iPhone SE (3rd generation) back camera 3.99mm f/1.8	2.0																											
images/IMG_0994.jpeg	1	2.0	250	72.0	72.0	4032	3024	906	2023:06:09 12:04:28	b'0232'	b'\x01\x02\x03\x00'	b'0100'	2023:06:09 12:04:28	2023:06:09 12:04:28	65535.0	0.0	-07:00	-07:00	-07:00		619	619	Apple	iPhone SE (3rd generation)	16.0	1.0	iPhone SE (3rd generation)	10.662441888916076	1.6959938128383605	9.609087597887452	0.0	5.0	16.0	3.99	28.0	(242, 1214, 173, 175)	2.0	0.0006169031462060457	1.8	b'\x01'	2.0	32.0	0.0	0.0	(3.9900000095374253, 3.9900000095374253, 1.8, 1.8)	Apple	iPhone SE (3rd generation) back camera 3.99mm f/1.8	2.0																											
images/IMG_0756.jpeg	1	2.0	250	72.0	72.0	4032	3024	168	2023:04:08 20:09:32	b'0232'	b'\x01\x02\x03\x00'	b'0100'	2023:04:08 20:09:32	2023:04:08 20:09:32	65535.0	0.0	-07:00	-07:00	-07:00		799	799	Apple	iPhone SE (3rd generation)	16.0	1.0	iPhone SE (3rd generation)	4.089832249229715	1.6959938128383605	-2.450986842105263	0.0	5.0	16.0	3.99	28.0	(2015, 1511, 2323, 1330)	2.0	0.058823529411764705	1.8	b'\x01'	2.0	640.0	0.0	0.0	(3.9900000095374253, 3.9900000095374253, 1.8, 1.8)	Apple	iPhone SE (3rd generation) back camera 3.99mm f/1.8	2.0																											
images/IMG_0957.jpeg	6	2.0	250	72.0	72.0	4032	3024	167	2023:06:02 13:16:37	b'0232'	b'\x01\x02\x03\x00'	b'0100'	2023:06:02 13:16:37	2023:06:02 13:16:37	65535.0	0.0	-07:00	-07:00	-07:00		185	185	Apple	iPhone SE (3rd generation)	16.0	1.0	iPhone SE (3rd generation)	5.935978057265186	1.6959938128383605	3.5079963514746124	0.0	5.0	16.0	3.99	28.0	(2013, 1511, 2217, 1330)	2.0	0.01639344262295082	1.8	b'\x01'	2.0	80.0	0.0	0.0	(3.9900000095374253, 3.9900000095374253, 1.8, 1.8)	Apple	iPhone SE (3rd generation) back camera 3.99mm f/1.8	2.0																											
images/IMG_0392.jpeg	1	2.0	250	72.0	72.0	4032	3024	281	2022:11:20 15:14:05	b'0232'	b'\x01\x02\x03\x00'	b'0100'	2022:11:20 15:14:05	2022:11:20 15:14:05	65535.0	0.0	-05:00	-05:00	-05:00		656	656	Apple	iPhone SE (3rd generation)	16.0	1.0	iPhone SE (3rd generation)	10.662441888916076	1.6959938128383605	9.574134997163926	0.0	5.0	16.0	3.99	28.0	(2015, 1511, 2323, 1330)	2.0	0.0006169031462060457	1.8	b'\x01'	2.0	32.0	0.0	0.0	(3.9900000095374253, 3.9900000095374253, 1.8, 1.8)	Apple	iPhone SE (3rd generation) back camera 3.99mm f/1.8	2.0																											
images/IMG_0845.jpeg	6	2.0	250	72.0	72.0	3088	2320	793	2023:05:12 02:32:07	b'0232'	b'\x01\x02\x03\x00'	b'0100'	2023:05:12 02:32:07	2023:05:12 02:32:07	65535.0	0.0	-07:00	-07:00	-07:00		668	668	Apple	iPhone SE (3rd generation)	16.0	1.0	iPhone SE (3rd generation)	3.907684296659972	2.2750070478484843	-3.136193606891861	0.0	5.0	16.0	2.87	32.0		2.0	0.06666666666666667	2.2	b'\x01'	2.0	2000.0	0.0	0.0	(2.8699998854826334, 2.8699998854826334, 2.2, 2.2)	Apple	iPhone SE (3rd generation) front camera 2.87mm f/2.2	2.0																											
images/IMG_0435 12.34.26 PM.jpeg	6	2.0	250	72.0	72.0	4032	3024	610	2022:12:15 10:38:49	b'0232'	b'\x01\x02\x03\x00'	b'0100'	2022:12:15 10:38:49	2022:12:15 10:38:49	65535.0	0.0	-08:00	-08:00	-08:00		818	818	Apple	iPhone SE (3rd generation)	16.0	1.0	iPhone SE (3rd generation)	5.914934364009889	1.6959938128383605	2.3826652892561984	0.0	5.0	16.0	3.99	28.0	(1094, 2147, 261, 260)	2.0	0.016666666666666666	1.8	b'\x01'	2.0	160.0	0.0	0.0	(3.9900000095374253, 3.9900000095374253, 1.8, 1.8)	Apple	iPhone SE (3rd generation) back camera 3.99mm f/1.8	2.0																											
images/Message_1665114879394.jpg	0	2.0	90	72.0	72.0	1024	768	13		b'0210'	b'\x01\x02\x03\x00'	b'0100'			1.0	0.0																																																											
images/IMG_0794.jpeg	6	2.0	250	72.0	72.0	4032	3024	989	2023:04:28 14:52:59	b'0232'	b'\x01\x02\x03\x00'	b'0100'	2023:04:28 14:52:59	2023:04:28 14:52:59	65535.0	0.0	-07:00	-07:00	-07:00		546	546	Apple	iPhone SE (3rd generation)	16.0	1.0	iPhone SE (3rd generation)	10.012705338809035	1.6959938128383605	8.855973301350577	0.0	5.0	16.0	3.99	28.0	(2013, 1511, 2217, 1330)	2.0	0.000968054211035818	1.8	b'\x01'	2.0	32.0	0.0	0.0	(3.9900000095374253, 3.9900000095374253, 1.8, 1.8)	Apple	iPhone SE (3rd generation) back camera 3.99mm f/1.8	2.0																											
images/IMG_0833.jpg	1	2.0	90	144.0	144.0	596	543	608																																																																			
images/IMG_0393.jpeg	1	2.0	250	72.0	72.0	4032	3024	423	2022:11:20 15:14:10	b'0232'	b'\x01\x02\x03\x00'	b'0100'	2022:11:20 15:14:10	2022:11:20 15:14:10	65535.0	0.0	-05:00	-05:00	-05:00		909	909	Apple	iPhone SE (3rd generation)	16.0	1.0	iPhone SE (3rd generation)	10.812627498980008	1.6959938128383605	9.734044026027966	0.0	5.0	16.0	3.99	53.0	(2012, 1510, 2327, 1332)	2.0	0.0005558643690939411	1.8	b'\x01'	2.0	32.0	0.0	0.0	(3.9900000095374253, 3.9900000095374253, 1.8, 1.8)	Apple	iPhone SE (3rd generation) back camera 3.99mm f/1.8	2.0	1.899497487437186																										
images/IMG_0669.jpeg	6	2.0	250	72.0	72.0	3088	2320	457	2023:03:13 23:30:41	b'0232'	b'\x01\x02\x03\x00'	b'0100'	2023:03:13 23:30:41	2023:03:13 23:30:41	65535.0	0.0	-07:00	-07:00	-07:00		528	528	Apple	iPhone SE (3rd generation)	16.0	1.0	iPhone SE (3rd generation)	3.9071214435205612	2.2750070478484843	-0.672061521449574	0.0	5.0	16.0	2.87	32.0		2.0	0.06666666666666667	2.2	b'\x01'	2.0	640.0	0.0	0.0	(2.8699998854826334, 2.8699998854826334, 2.2, 2.2)	Apple	iPhone SE (3rd generation) front camera 2.87mm f/2.2	2.0																											
images/IMG_5191.jpeg	6	2.0	254	72.0	72.0	4032	3024	982	2023:08:28 16:58:21	b'0232'	b'\x01\x02\x03\x00'	b'0100'	2023:08:28 16:58:21	2023:08:28 16:58:21	65535.0	0.0	-07:00	-07:00	-07:00		141	141	Apple	iPhone 13 Pro Max	16.6	1.0	iPhone 13 Pro Max	5.90712143928036	1.6959938128383605	3.230389363722697	0.0	5.0	16.0	1.57	14.0	(1798, 913, 156, 157)	2.0	0.016666666666666666	1.8	b'\x01'	2.0	200.0	0.0	0.0	(1.5700000524639703, 9.0, 1.5, 2.8)	Apple	iPhone 13 Pro Max back triple camera 1.57mm f/1.8	2.0	1.0026525198938991	512.0	512.0																								
images/IMG_0956.jpeg	6	2.0	250	72.0	72.0	4032	3024	54	2023:06:02 13:16:32	b'0232'	b'\x01\x02\x03\x00'	b'0100'	2023:06:02 13:16:32	2023:06:02 13:16:32	65535.0	0.0	-07:00	-07:00	-07:00		973	973	Apple	iPhone SE (3rd generation)	16.0	1.0	iPhone SE (3rd generation)	6.870197378333584	1.6959938128383605	4.885971014492753	0.0	3.0	16.0	3.99	28.0	(2167, 1623, 751, 756)	2.0	0.008547008547008548	1.8	b'\x01'	2.0	64.0	0.0	0.0	(3.9900000095374253, 3.9900000095374253, 1.8, 1.8)	Apple	iPhone SE (3rd generation) back camera 3.99mm f/1.8	2.0																											
images/IMG_0612.jpeg	1	2.0	250	72.0	72.0	4032	3024	600	2023:02:24 14:52:02	b'0232'	b'\x01\x02\x03\x00'	b'0100'	2023:02:24 14:52:02	2023:02:24 14:52:02	65535.0	0.0	-08:00	-08:00	-08:00		004	004	Apple	iPhone SE (3rd generation)	16.0	1.0	iPhone SE (3rd generation)	10.983201343892489	1.6959938128383605	10.012132132132132	0.0	5.0	16.0	3.99	28.0	(2400, 606, 248, 247)	2.0	0.0004940711462450593	1.8	b'\x01'	2.0	32.0	0.0	0.0	(3.9900000095374253, 3.9900000095374253, 1.8, 1.8)	Apple	iPhone SE (3rd generation) back camera 3.99mm f/1.8	2.0																											
images/IMG_0983.jpeg	1	2.0	250	72.0	72.0	4032	3024	415	2023:06:09 11:48:49	b'0232'	b'\x01\x02\x03\x00'	b'0100'	2023:06:09 11:48:49	2023:06:09 11:48:49	65535.0	0.0	-07:00	-07:00	-07:00		637	637	Apple	iPhone SE (3rd generation)	16.0	1.0	iPhone SE (3rd generation)	9.4387139433011	1.6959938128383605	8.441554945350777	0.0	5.0	16.0	3.99	28.0	(1249, 663, 291, 293)	2.0	0.001440922190201729	1.8	b'\x01'	2.0	32.0	0.0	0.0	(3.9900000095374253, 3.9900000095374253, 1.8, 1.8)	Apple	iPhone SE (3rd generation) back camera 3.99mm f/1.8	2.0																											
images/IMG_1015.jpeg	6	2.0	250	72.0	72.0	4032	3024	15	2023:07:06 16:05:44	b'0232'	b'\x01\x02\x03\x00'	b'0100'	2023:07:06 16:05:44	2023:07:06 16:05:44	65535.0	0.0	-07:00	-07:00	-07:00		297	297	Apple	iPhone SE (3rd generation)	16.0	1.0	iPhone SE (3rd generation)	5.90712143928036	1.6959938128383605	3.678842781998831	0.0	5.0	16.0	3.99	28.0	(2013, 1511, 2217, 1330)	2.0	0.016666666666666666	1.8	b'\x01'	2.0	80.0	0.0	0.0	(3.9900000095374253, 3.9900000095374253, 1.8, 1.8)	Apple	iPhone SE (3rd generation) back camera 3.99mm f/1.8	2.0																											
images/IMG_0991.jpg	1	2.0	274	72.0	72.0	4032	3024	517	2023:06:09 12:04:18	b'0232'			2023:06:09 12:04:18	2023:06:09 12:04:18	65535.0		-07:00	-07:00	-07:00		188	188	Apple	iPhone SE (3rd generation)	16.0		iPhone SE (3rd generation)	10.614155955441303	1.6959938128383605	9.587687481619449	0.0	5.0	16.0	3.99	28.0	(334, 1190, 152, 151)	2.0	0.0006381620931716656	1.8	b'\x01'	2.0	32.0	0.0	0.0	(3.9900000095374253, 3.9900000095374253, 1.8, 1.8)	Apple	iPhone SE (3rd generation) back camera 3.99mm f/1.8	2.0		512.0	512.0	34.00436666666667	-118.40332777777779	16.12109589041096	12.770958904109591	20.05013698630137	2.2194520547945205	"[ 8.7949     8.484184   8.289663   8.162205   8.078205   8.036494
 10.481535  17.70682   11.793813   9.665961   8.840111   8.462372
  8.268298   8.162205   8.099133   8.057326   8.036494   8.57194
  8.332543   8.183326   8.099133   8.057326   8.036494   8.015711
  7.994976   7.994976   7.974288   7.974288   7.974288   7.974288
  7.974288   6.2777977  6.2777977  6.2777977  6.2777977  6.2777977
  6.2777977  6.2777977  6.2777977  6.2777977  6.2777977  6.2777977
  6.2777977  6.2777977  6.2777977  6.2777977  6.2777977  6.2777977
  6.2777977  7.035261   6.726806   6.568329   6.816278   6.6207905
  6.498942   6.4131026  6.3790417  6.3620706  6.9067864  6.6559663
  6.498942   6.430191   6.3790417  6.3451385  6.3282456  6.3113914
  6.3113914  6.2945747  6.2945747  6.2777977  6.2777977  6.2777977
  6.2777977  6.2777977  6.2777977  6.2777977  6.2777977  6.2777977
  6.2777977  6.2777977  6.2777977  6.2777977  6.2777977  6.2610598
  6.2610598  6.2610598  6.2610598  6.2610598  6.2610598  6.2610598
  6.2610598  6.2610598]"		California	United States														
images/IMG_0604.jpeg	6	2.0	250	72.0	72.0	4032	3024	819	2023:02:24 10:38:32	b'0232'	b'\x01\x02\x03\x00'	b'0100'	2023:02:24 10:38:32	2023:02:24 10:38:32	65535.0	0.0	-08:00	-08:00	-08:00		747	747	Apple	iPhone SE (3rd generation)	16.0	1.0	iPhone SE (3rd generation)	5.90712143928036	1.6959938128383605	2.409784447877584	0.0	5.0	16.0	3.99	28.0	(1718, 1746, 489, 489)	2.0	0.016666666666666666	1.8	b'\x01'	2.0	160.0	0.0	0.0	(3.9900000095374253, 3.9900000095374253, 1.8, 1.8)	Apple	iPhone SE (3rd generation) back camera 3.99mm f/1.8	2.0																											
images/IMG_0389.jpeg	1	2.0	250	72.0	72.0	4032	3024	286	2022:11:20 15:13:10	b'0232'	b'\x01\x02\x03\x00'	b'0100'	2022:11:20 15:13:10	2022:11:20 15:13:10	65535.0	0.0	-05:00	-05:00	-05:00		877	877	Apple	iPhone SE (3rd generation)	16.0	1.0	iPhone SE (3rd generation)	9.812627498980008	1.6959938128383605	8.675034830136106	0.0	5.0	16.0	3.99	28.0	(2099, 1447, 185, 187)	2.0	0.0011123470522803114	1.8	b'\x01'	2.0	32.0	0.0	0.0	(3.9900000095374253, 3.9900000095374253, 1.8, 1.8)	Apple	iPhone SE (3rd generation) back camera 3.99mm f/1.8	2.0																											
images/IMG_0848.jpeg	6	2.0	250	72.0	72.0	4032	3024	991	2023:05:13 16:09:57	b'0232'	b'\x01\x02\x03\x00'	b'0100'	2023:05:13 16:09:57	2023:05:13 16:09:57	65535.0	0.0	-07:00	-07:00	-07:00		288	288	Apple	iPhone SE (3rd generation)	16.0	1.0	iPhone SE (3rd generation)	5.629001042131904	1.6959938128383605	1.1572069328312753	0.0	5.0	16.0	3.99	28.0	(588, 1975, 312, 311)	2.0	0.02040816326530612	1.8	b'\x01'	2.0	320.0	0.0	0.0	(3.9900000095374253, 3.9900000095374253, 1.8, 1.8)	Apple	iPhone SE (3rd generation) back camera 3.99mm f/1.8	2.0																											
images/IMG_1023.jpeg	1	2.0	250	72.0	72.0	4032	3024	923	2023:07:08 10:12:34	b'0232'	b'\x01\x02\x03\x00'	b'0100'	2023:07:08 10:12:34	2023:07:08 10:12:34	65535.0	0.0	-07:00	-07:00	-07:00		671	671	Apple	iPhone SE (3rd generation)	16.0	1.0	iPhone SE (3rd generation)	5.90712143928036	1.6959938128383605	2.820179597300463	0.0	5.0	16.0	3.99	28.0	(1204, 1076, 346, 344)	2.0	0.016666666666666666	1.8	b'\x01'	2.0	125.0	0.0	0.0	(3.9900000095374253, 3.9900000095374253, 1.8, 1.8)	Apple	iPhone SE (3rd generation) back camera 3.99mm f/1.8	2.0																											
images/IMG_0400 12.34.26 PM.jpeg	1	2.0	250	72.0	72.0	4032	3024	453	2022:11:20 15:16:48	b'0232'	b'\x01\x02\x03\x00'	b'0100'	2022:11:20 15:16:48	2022:11:20 15:16:48	65535.0	0.0	-05:00	-05:00	-05:00		026	026	Apple	iPhone SE (3rd generation)	16.0	1.0	iPhone SE (3rd generation)	9.840133180937237	1.6959938128383605	8.79615355833271	0.0	5.0	16.0	3.99	44.0	(2236, 793, 249, 249)	2.0	0.0010905125408942203	1.8	b'\x01'	2.0	32.0	0.0	0.0	(3.9900000095374253, 3.9900000095374253, 1.8, 1.8)	Apple	iPhone SE (3rd generation) back camera 3.99mm f/1.8	2.0	1.5539568345323742																										
images/IMG_0370.jpeg	1	2.0	250	72.0	72.0	4032	3024	98	2022:11:19 16:14:37	b'0232'	b'\x01\x02\x03\x00'	b'0100'	2022:11:19 16:14:37	2022:11:19 16:14:37	65535.0	0.0	-05:00	-05:00	-05:00		385	385	Apple	iPhone SE (3rd generation)	16.0	1.0	iPhone SE (3rd generation)	9.590605803855116	1.6959938128383605	8.721305255169797	0.0	5.0	16.0	3.99	84.0	(2004, 1515, 2320, 1332)	2.0	0.0012970168612191958	1.8	b'\x01'	2.0	32.0	0.0	0.0	(3.9900000095374253, 3.9900000095374253, 1.8, 1.8)	Apple	iPhone SE (3rd generation) back camera 3.99mm f/1.8	2.0	3.0																										
images/IMG_5296 12.34.26 PM.jpeg	1	2.0	230	72.0	72.0	4032	3024	130	2023:09:04 20:07:54	b'0232'	b'\x01\x02\x03\x00'	b'0100'	2023:09:04 20:07:54	2023:09:04 20:07:54	65535.0	0.0	-07:00	-07:00	-07:00		564	564	Apple	iPhone 13 Pro Max	16.6	1.0	iPhone 13 Pro Max	3.990291663223994	2.2750070478484843	-3.5515309022983836	0.0	5.0	9.0	2.71	23.0		2.0	0.0625	2.2	b'\x01'	2.0	2000.0	0.0	0.0	(2.7100000381578897, 2.7100000381578897, 2.2, 2.2)	Apple	iPhone 13 Pro Max front camera 2.71mm f/2.2																												
images/IMG_0649.jpeg	3	2.0	250	72.0	72.0	3088	2320	590	2023:03:09 17:04:47	b'0232'	b'\x01\x02\x03\x00'	b'0100'	2023:03:09 17:04:47	2023:03:09 17:04:47	65535.0	0.0	-08:00	-08:00	-08:00		612	612	Apple	iPhone SE (3rd generation)	16.0	1.0	iPhone SE (3rd generation)	4.3388195667151495	2.2750070478484843	0.8133529691559036	0.0	5.0	16.0	2.87	32.0		2.0	0.05	2.2	b'\x01'	2.0	320.0	0.0	0.0	(2.8699998854826334, 2.8699998854826334, 2.2, 2.2)	Apple	iPhone SE (3rd generation) front camera 2.87mm f/2.2	2.0																											
images/IMG_0960.jpeg	6	2.0	250	72.0	72.0	4032	3024	503	2023:06:02 13:17:41	b'0232'	b'\x01\x02\x03\x00'	b'0100'	2023:06:02 13:17:41	2023:06:02 13:17:41	65535.0	0.0	-07:00	-07:00	-07:00		332	332	Apple	iPhone SE (3rd generation)	16.0	1.0	iPhone SE (3rd generation)	5.90712143928036	1.6959938128383605	3.6693047066812934	0.0	3.0	16.0	3.99	28.0	(3075, 1457, 751, 756)	2.0	0.016666666666666666	1.8	b'\x01'	2.0	64.0	0.0	0.0	(3.9900000095374253, 3.9900000095374253, 1.8, 1.8)	Apple	iPhone SE (3rd generation) back camera 3.99mm f/1.8	2.0																											
images/IMG_7129.jpeg	6	2.0	256	72.0	72.0	4032	3024	93	2024:02:05 17:55:54	b'0232'	b'\x01\x02\x03\x00'	b'0100'	2024:02:05 17:55:54	2024:02:05 17:55:54	65535.0	0.0	-08:00	-08:00	-08:00		915	915	Apple	iPhone 13 Pro Max	17.2.1	1.0	iPhone 13 Pro Max	5.90712143928036	2.970853653853539	0.2171865958230312	0.0	5.0	16.0	9.0	77.0	(1988, 1518, 2310, 1327)	2.0	0.016666666666666666	2.8	b'\x01'	2.0	1250.0	0.0	0.0	(1.5700000524639703, 9.0, 1.5, 2.8)	Apple	iPhone 13 Pro Max back triple camera 9mm f/2.8	2.0		512.0	512.0																								
images/IMG_0984.jpeg	1	2.0	250	72.0	72.0	4032	3024	998	2023:06:09 11:48:50	b'0232'	b'\x01\x02\x03\x00'	b'0100'	2023:06:09 11:48:50	2023:06:09 11:48:50	65535.0	0.0	-07:00	-07:00	-07:00		763	763	Apple	iPhone SE (3rd generation)	16.0	1.0	iPhone SE (3rd generation)	9.458877721943049	1.6959938128383605	8.428056338028169	0.0	5.0	16.0	3.99	28.0	(1246, 641, 312, 311)	2.0	0.0014204545454545455	1.8	b'\x01'	2.0	32.0	0.0	0.0	(3.9900000095374253, 3.9900000095374253, 1.8, 1.8)	Apple	iPhone SE (3rd generation) back camera 3.99mm f/1.8	2.0																											
images/IMG_0438.jpeg	6	2.0	250	72.0	72.0	4032	3024	474	2022:12:16 06:30:23	b'0232'	b'\x01\x02\x03\x00'	b'0100'	2022:12:16 06:30:23	2022:12:16 06:30:23	65535.0	0.0	-08:00	-08:00	-08:00		133	133	Apple	iPhone SE (3rd generation)	16.0	1.0	iPhone SE (3rd generation)	3.9084423305588585	1.6959938128383605	-3.790267356305092	0.0	5.0	16.0	3.99	51.0	(2012, 1514, 2323, 1332)	2.0	0.06666666666666667	1.8	b'\x01'	2.0	1600.0	0.0	0.0	(3.9900000095374253, 3.9900000095374253, 1.8, 1.8)	Apple	iPhone SE (3rd generation) back camera 3.99mm f/1.8	2.0	1.8																										
images/IMG_0838.jpeg	1	2.0	250	72.0	72.0	4032	3024	383	2023:05:11 16:06:05	b'0232'	b'\x01\x02\x03\x00'	b'0100'	2023:05:11 16:06:05	2023:05:11 16:06:05	65535.0	0.0	-07:00	-07:00	-07:00		491	491	Apple	iPhone SE (3rd generation)	16.0	1.0	iPhone SE (3rd generation)	10.983201343892489	1.6959938128383605	9.914003270402855	0.0	5.0	16.0	3.99	28.0	(2013, 1511, 2217, 1330)	2.0	0.0004940711462450593	1.8	b'\x01'	2.0	32.0	0.0	0.0	(3.9900000095374253, 3.9900000095374253, 1.8, 1.8)	Apple	iPhone SE (3rd generation) back camera 3.99mm f/1.8	2.0																											
images/IMG_0992.jpeg	1	2.0	250	72.0	72.0	4032	3024	898	2023:06:09 12:04:19	b'0232'	b'\x01\x02\x03\x00'	b'0100'	2023:06:09 12:04:19	2023:06:09 12:04:19	65535.0	0.0	-07:00	-07:00	-07:00		570	570	Apple	iPhone SE (3rd generation)	16.0	1.0	iPhone SE (3rd generation)	10.48035745885684	1.6959938128383605	9.384749017097924	0.0	5.0	16.0	3.99	28.0	(230, 1115, 164, 163)	2.0	0.0006997900629811056	1.8	b'\x01'	2.0	32.0	0.0	0.0	(3.9900000095374253, 3.9900000095374253, 1.8, 1.8)	Apple	iPhone SE (3rd generation) back camera 3.99mm f/1.8	2.0																											
images/IMG_0894.jpg	1	2.0	90	144.0	144.0	750	347	494																																																																			
images/IMG_0394.jpeg	1	2.0	250	72.0	72.0	4032	3024	701	2022:11:20 15:14:14	b'0232'	b'\x01\x02\x03\x00'	b'0100'	2022:11:20 15:14:14	2022:11:20 15:14:14	65535.0	0.0	-05:00	-05:00	-05:00		596	596	Apple	iPhone SE (3rd generation)	16.0	1.0	iPhone SE (3rd generation)	10.614155955441303	1.6959938128383605	9.494831445878326	0.0	5.0	16.0	3.99	53.0	(2012, 1510, 2327, 1332)	2.0	0.0006381620931716656	1.8	b'\x01'	2.0	32.0	0.0	0.0	(3.9900000095374253, 3.9900000095374253, 1.8, 1.8)	Apple	iPhone SE (3rd generation) back camera 3.99mm f/1.8	2.0	1.899497487437186																										
images/Kodak_CX7530.jpg	1	2.0	248	72.0	72.0	(100, 0)	(78, 0)	167	2008:07:31 10:39:26	b'0221'	b'\x01\x02\x03'	b'0100'	2005:08:13 09:47:23	2005:08:13 09:47:23	1.0	0.0							EASTMAN KODAK COMPANY	KODAK CX7530 ZOOM DIGITAL CAMERA	GIMP 2.4.5	1.0		8.0	4.4		0.0	5.0	24.0	16.8	102.0		2.0	0.004	4.6	b'\x01'	2.0		0.0	0.0					0.0			-0.37129999999999996	36.056416666666664	19.134794520547945	13.376164383561644	26.048767123287668	2.781369863013699	"[ 6.498942   9.115794   7.3946     7.851156   4.8613815  5.6221647
  5.353309   3.8752851  3.2461958  2.8636699  2.784426   2.9719152
  3.168694   2.8459177  2.6559482  2.4355795  5.2661386  5.2805834
  5.3973484  4.956621   4.8884363  5.0255957  5.5313053  4.662393
  3.9659228  4.9020114  4.3088446  3.8305883  3.8083935  3.528976
  3.2461958 22.933155  21.646444  21.490545  21.233099  19.701412
 18.142557  17.79317   17.197008  15.330523  13.487719  12.091819
 10.803207   9.69055    8.682778   7.8104887  6.9983425  6.3451385
  5.839116   5.251727   4.7543993  4.2844524  3.9090786  3.560369
  3.2854853  3.0271707  2.784426   2.5809646  2.4355795  2.311311
  2.8282475  4.3333488  5.9023976  6.6559663  5.918309   5.20869
  4.688529   4.1404366  3.6989408  3.3151908  3.4668355  3.6451526
  3.4668355  3.1591063  2.8459177  2.5809646  2.3573763  2.2210689
  2.1260793  2.0760968  2.047895   3.7973342  4.7809606  5.123504
  4.688529   6.4473195  6.925013   7.26038    9.519618  10.376273
 11.189895  10.45513  ]"	Barut ward	Nakuru	Kenya	4.4	0.0	786.0	0.0	0.0	0.0	0.0	80.0	b'\x03'	0.0	0.0			
images/IMG_0843.jpeg	6	2.0	250	72.0	72.0	4032	3024	638	2023:05:12 01:51:46	b'0232'	b'\x01\x02\x03\x00'	b'0100'	2023:05:12 01:51:46	2023:05:12 01:51:46	65535.0	0.0	-07:00	-07:00	-07:00		659	659	Apple	iPhone SE (3rd generation)	16.0	1.0	iPhone SE (3rd generation)	2.0003174267273303	1.6959938128383605	-1.482868920032976	0.0	5.0	9.0	3.99	46.0	(2013, 1510, 2318, 1330)	2.0	0.25	1.8	b'\x01'	2.0	50.0	0.0	0.0	(3.9900000095374253, 3.9900000095374253, 1.8, 1.8)	Apple	iPhone SE (3rd generation) back camera 3.99mm f/1.8		1.6240601503759398																										
images/IMG_0443.jpeg	1	2.0	250	72.0	72.0	4032	3024	574	2022:12:16 07:41:44	b'0232'	b'\x01\x02\x03\x00'	b'0100'	2022:12:16 07:41:44	2022:12:16 07:41:44	65535.0	0.0	-08:00	-08:00	-08:00		392	392	Apple	iPhone SE (3rd generation)	16.0	1.0	iPhone SE (3rd generation)	6.923315041508372	1.6959938128383605	4.555358447250339	0.0	5.0	16.0	3.99	28.0	(2013, 1511, 2217, 1330)	2.0	0.008264462809917356	1.8	b'\x01'	2.0	80.0	0.0	0.0	(3.9900000095374253, 3.9900000095374253, 1.8, 1.8)	Apple	iPhone SE (3rd generation) back camera 3.99mm f/1.8	2.0																											
images/IMG_0947.jpeg	6	2.0	250	72.0	72.0	4032	3024	32	2023:05:31 18:22:01	b'0232'	b'\x01\x02\x03\x00'	b'0100'	2023:05:31 18:22:01	2023:05:31 18:22:01	65535.0	0.0	-07:00	-07:00	-07:00		966	966	Apple	iPhone SE (3rd generation)	16.0	1.0	iPhone SE (3rd generation)	6.174803778102967	1.6959938128383605	3.5125885863483775	0.0	3.0	16.0	3.99	28.0	(2766, 1369, 751, 756)	2.0	0.013888888888888888	1.8	b'\x01'	2.0	80.0	0.0	0.0	(3.9900000095374253, 3.9900000095374253, 1.8, 1.8)	Apple	iPhone SE (3rd generation) back camera 3.99mm f/1.8	2.0																											
images/lp_image.jpeg	1	2.0	176	72.0	72.0	1280	852	772	2022:08:29 20:36:25	b'0221'	b'\x01\x02\x03\x00'	b'0100'	2022:08:29 20:36:25	2022:08:29 20:36:25	1.0	0.0	-07:00	-07:00	-07:00	000	000	000	Apple	MacBook Pro		1.0																				Apple	MacBook Pro																										b'ASCII\x00\x00\x00FaceTime Photo'		
images/IMG_0463.jpeg	6	2.0	250	72.0	72.0	4032	3024	997	2023:01:07 20:02:24	b'0232'	b'\x01\x02\x03\x00'	b'0100'	2023:01:07 20:02:24	2023:01:07 20:02:24	65535.0	0.0	-08:00	-08:00	-08:00		613	613	Apple	iPhone SE (3rd generation)	16.0	1.0	iPhone SE (3rd generation)	4.90712143928036	1.6959938128383605	-0.4739671915290503	0.0	5.0	16.0	3.99	141.0	(2006, 1507, 2322, 1332)	2.0	0.03333333333333333	1.8	b'\x01'	2.0	500.0	0.0	0.0	(3.9900000095374253, 3.9900000095374253, 1.8, 1.8)	Apple	iPhone SE (3rd generation) back camera 3.99mm f/1.8	2.0	5.006622516556291																										
images/IMG_0988.jpeg	1	2.0	250	72.0	72.0	4032	3024	776	2023:06:09 12:04:01	b'0232'	b'\x01\x02\x03\x00'	b'0100'	2023:06:09 12:04:01	2023:06:09 12:04:01	65535.0	0.0	-07:00	-07:00	-07:00		613	613	Apple	iPhone SE (3rd generation)	16.0	1.0	iPhone SE (3rd generation)	10.662441888916076	1.6959938128383605	9.583777202861055	0.0	5.0	16.0	3.99	28.0	(346, 1192, 177, 178)	2.0	0.0006169031462060457	1.8	b'\x01'	2.0	32.0	0.0	0.0	(3.9900000095374253, 3.9900000095374253, 1.8, 1.8)	Apple	iPhone SE (3rd generation) back camera 3.99mm f/1.8	2.0																											
images/IMG_1008.jpg	1	2.0	90	144.0	144.0	750	962	441																																																																			
images/IMG_0398.jpeg	1	2.0	250	72.0	72.0	4032	3024	596	2022:11:20 15:16:38	b'0232'	b'\x01\x02\x03\x00'	b'0100'	2022:11:20 15:16:38	2022:11:20 15:16:38	65535.0	0.0	-05:00	-05:00	-05:00		498	498	Apple	iPhone SE (3rd generation)	16.0	1.0	iPhone SE (3rd generation)	10.108201328564128	1.6959938128383605	9.128475247524753	0.0	5.0	16.0	3.99	28.0	(2177, 1117, 148, 148)	2.0	0.0009057971014492754	1.8	b'\x01'	2.0	32.0	0.0	0.0	(3.9900000095374253, 3.9900000095374253, 1.8, 1.8)	Apple	iPhone SE (3rd generation) back camera 3.99mm f/1.8	2.0																											
images/IMG_0840.jpg	1	2.0	250	72.0	72.0	4032	3024	682	2023:05:11 16:06:13	b'0232'			2023:05:11 16:06:13	2023:05:11 16:06:13	65535.0		-07:00	-07:00	-07:00		373	373	Apple	iPhone SE (3rd generation)	16.0		iPhone SE (3rd generation)	11.76164356238157	1.6959938128383605	10.67912982078612	0.0	5.0	16.0	3.99	28.0	(2013, 1511, 2217, 1330)	2.0	0.0002880184331797235	1.8	b'\x01'	2.0	32.0	0.0	0.0	(3.99, 3.99, 1.8, 1.8)	Apple	iPhone SE (3rd generation) back camera 3.99mm f/1.8	2.0				37.87208888888889	-122.25785	13.974520547945207	9.888219178082192	18.813698630136987	1.5917808219178082	"[0.17219532 0.14024973 0.12460494 0.10917485 0.10917485 0.10917485
 0.5776112  0.4521116  0.29717922 0.21898961 0.17219532 0.14024973
 0.12460494 0.10917485 0.10917485 0.10917485 0.10917485 0.10917485
 0.10917485 0.10917485 0.10917485 0.10917485 0.10917485 0.10917485
 0.10917485 0.10917485 0.10917485 0.10917485 0.09395635 0.09395635
 0.09395635 0.09395635 0.09395635 0.09395635 0.09395635 0.09395635
 0.09395635 0.09395635 0.09395635 0.09395635 0.21898961 0.1561122
 0.09395635 0.09395635 0.09395635 0.09395635 0.09395635 0.09395635
 0.09395635 0.09395635 0.09395635 0.09395635 0.12460494 0.09395635
 0.12460494 0.09395635 0.09395635 0.34276497 0.2647363  0.14024973
 0.10917485 0.09395635 0.09395635 0.09395635 0.07894671 0.07894671
 0.07894671 0.07894671 0.07894671 0.07894671 0.07894671 0.07894671
 0.07894671 0.07894671 0.07894671 0.07894671 0.07894671 0.07894671
 0.07894671 0.07894671 0.07894671 0.07894671 0.07894671 0.07894671
 0.07894671 0.07894671 0.07894671 0.07894671 0.07894671 0.07894671
 0.07894671 0.07894671]"	Berkeley	California	United States														
images/IMG_1009.jpg	1	2.0	90	144.0	144.0	750	148	742																																																																			
images/IMG_0394 12.34.26 PM.jpeg	1	2.0	250	72.0	72.0	4032	3024	252	2022:11:20 15:14:14	b'0232'	b'\x01\x02\x03\x00'	b'0100'	2022:11:20 15:14:14	2022:11:20 15:14:14	65535.0	0.0	-05:00	-05:00	-05:00		596	596	Apple	iPhone SE (3rd generation)	16.0	1.0	iPhone SE (3rd generation)	10.614155955441303	1.6959938128383605	9.494831445878326	0.0	5.0	16.0	3.99	53.0	(2012, 1510, 2327, 1332)	2.0	0.0006381620931716656	1.8	b'\x01'	2.0	32.0	0.0	0.0	(3.9900000095374253, 3.9900000095374253, 1.8, 1.8)	Apple	iPhone SE (3rd generation) back camera 3.99mm f/1.8	2.0	1.899497487437186																										
images/IMG_0634.jpeg	6	2.0	250	72.0	72.0	4032	3024	983	2023:03:06 00:17:45	b'0232'	b'\x01\x02\x03\x00'	b'0100'	2023:03:06 00:17:45	2023:03:06 00:17:45	65535.0	0.0	-08:00	-08:00	-08:00		719	719	Apple	iPhone SE (3rd generation)	16.0	1.0	iPhone SE (3rd generation)	5.90712143928036	1.6959938128383605	2.50550634426622	0.0	5.0	16.0	3.99	28.0	(1250, 2504, 244, 244)	2.0	0.016666666666666666	1.8	b'\x01'	2.0	160.0	0.0	0.0	(3.9900000095374253, 3.9900000095374253, 1.8, 1.8)	Apple	iPhone SE (3rd generation) back camera 3.99mm f/1.8	2.0																											
images/IMG_0819.jpeg	6	2.0	250	72.0	72.0	3088	2320	681	2023:05:04 19:38:11	b'0232'	b'\x01\x02\x03\x00'	b'0100'	2023:05:04 19:38:11	2023:05:04 19:38:11	65535.0	0.0	-07:00	-07:00	-07:00		204	204	Apple	iPhone SE (3rd generation)	16.0	1.0	iPhone SE (3rd generation)	3.9071214435205612	2.2750070478484843	-0.5439564196658537	0.0	5.0	16.0	2.87	32.0		2.0	0.06666666666666667	2.2	b'\x01'	2.0	500.0	0.0	0.0	(2.8699998854826334, 2.8699998854826334, 2.2, 2.2)	Apple	iPhone SE (3rd generation) front camera 2.87mm f/2.2	2.0																											
images/IMG_0399.jpeg	1	2.0	250	72.0	72.0	4032	3024	486	2022:11:20 15:16:41	b'0232'	b'\x01\x02\x03\x00'	b'0100'	2022:11:20 15:16:41	2022:11:20 15:16:41	65535.0	0.0	-05:00	-05:00	-05:00		804	804	Apple	iPhone SE (3rd generation)	16.0	1.0	iPhone SE (3rd generation)	10.108201328564128	1.6959938128383605	9.064489251791368	0.0	5.0	16.0	3.99	28.0	(2177, 1102, 156, 154)	2.0	0.0009057971014492754	1.8	b'\x01'	2.0	32.0	0.0	0.0	(3.9900000095374253, 3.9900000095374253, 1.8, 1.8)	Apple	iPhone SE (3rd generation) back camera 3.99mm f/1.8	2.0																											
images/IMG_0927.jpeg	6	2.0	250	72.0	72.0	4032	3024	790	2023:05:28 23:11:08	b'0232'	b'\x01\x02\x03\x00'	b'0100'	2023:05:28 23:11:08	2023:05:28 23:11:08	65535.0	0.0	-07:00	-07:00	-07:00		400	400	Apple	iPhone SE (3rd generation)	16.0	1.0	iPhone SE (3rd generation)	5.90712143928036	1.6959938128383605	2.5722571685319826	0.0	5.0	16.0	3.99	28.0	(873, 2450, 291, 293)	2.0	0.016666666666666666	1.8	b'\x01'	2.0	125.0	0.0	0.0	(3.9900000095374253, 3.9900000095374253, 1.8, 1.8)	Apple	iPhone SE (3rd generation) back camera 3.99mm f/1.8	2.0																											
images/IMG_0989.jpeg	1	2.0	250	72.0	72.0	4032	3024	257	2023:06:09 12:04:15	b'0232'	b'\x01\x02\x03\x00'	b'0100'	2023:06:09 12:04:15	2023:06:09 12:04:15	65535.0	0.0	-07:00	-07:00	-07:00		513	513	Apple	iPhone SE (3rd generation)	16.0	1.0	iPhone SE (3rd generation)	10.662441888916076	1.6959938128383605	9.591350429884375	0.0	5.0	16.0	3.99	28.0	(1033, 987, 148, 148)	2.0	0.0006169031462060457	1.8	b'\x01'	2.0	32.0	0.0	0.0	(3.9900000095374253, 3.9900000095374253, 1.8, 1.8)	Apple	iPhone SE (3rd generation) back camera 3.99mm f/1.8	2.0																											
images/IMG_0435.jpeg	6	2.0	250	72.0	72.0	4032	3024	436	2022:12:15 10:38:49	b'0232'	b'\x01\x02\x03\x00'	b'0100'	2022:12:15 10:38:49	2022:12:15 10:38:49	65535.0	0.0	-08:00	-08:00	-08:00		818	818	Apple	iPhone SE (3rd generation)	16.0	1.0	iPhone SE (3rd generation)	5.914934364009889	1.6959938128383605	2.3826652892561984	0.0	5.0	16.0	3.99	28.0	(1094, 2147, 261, 260)	2.0	0.016666666666666666	1.8	b'\x01'	2.0	160.0	0.0	0.0	(3.9900000095374253, 3.9900000095374253, 1.8, 1.8)	Apple	iPhone SE (3rd generation) back camera 3.99mm f/1.8	2.0																											
images/IMG_0442.jpeg	1	2.0	250	72.0	72.0	4032	3024	443	2022:12:16 07:41:42	b'0232'	b'\x01\x02\x03\x00'	b'0100'	2022:12:16 07:41:42	2022:12:16 07:41:42	65535.0	0.0	-08:00	-08:00	-08:00		093	093	Apple	iPhone SE (3rd generation)	16.0	1.0	iPhone SE (3rd generation)	6.923315041508372	1.6959938128383605	4.477225312934632	0.0	5.0	16.0	3.99	28.0	(2013, 1511, 2217, 1330)	2.0	0.008264462809917356	1.8	b'\x01'	2.0	80.0	0.0	0.0	(3.9900000095374253, 3.9900000095374253, 1.8, 1.8)	Apple	iPhone SE (3rd generation) back camera 3.99mm f/1.8	2.0																											
images/IMG_1032.jpg	1	2.0	90	144.0	144.0	750	418	861																																																																			
images/IMG_0511.jpeg	6	2.0	238	72.0	72.0	4032	3024	712	2023:01:24 10:52:18	b'0232'	b'\x01\x02\x03\x00'	b'0100'	2023:01:24 10:52:18	2023:01:24 10:52:18	65535.0	0.0	-08:00	-08:00	-08:00		158	158	Apple	iPhone SE (3rd generation)	16.0		iPhone SE (3rd generation)	6.909027361693629	1.6959938128383605	4.872593553969284	0.0	5.0	16.0	3.99	28.0	(2013, 1511, 2217, 1330)	2.0	0.008333333333333333	1.8	b'\x01'	2.0	80.0	0.0	0.0	(3.9900000095374253, 3.9900000095374253, 1.8, 1.8)	Apple	iPhone SE (3rd generation) back camera 3.99mm f/1.8	2.0																											
images/IMG_0842.jpeg	6	2.0	250	72.0	72.0	4032	3024	516	2023:05:12 01:51:19	b'0232'	b'\x01\x02\x03\x00'	b'0100'	2023:05:12 01:51:19	2023:05:12 01:51:19	65535.0	0.0	-07:00	-07:00	-07:00		850	850	Apple	iPhone SE (3rd generation)	16.0	1.0	iPhone SE (3rd generation)	3.9084423305588585	1.6959938128383605	-3.1239421123899795	0.0	5.0	16.0	3.99	46.0	(1286, 734, 562, 564)	2.0	0.06666666666666667	1.8	b'\x01'	2.0	1250.0	0.0	0.0	(3.9900000095374253, 3.9900000095374253, 1.8, 1.8)	Apple	iPhone SE (3rd generation) back camera 3.99mm f/1.8	2.0	1.6240601503759398																										
images/IMG_0395.jpeg	1	2.0	250	72.0	72.0	4032	3024	163	2022:11:20 15:14:20	b'0232'	b'\x01\x02\x03\x00'	b'0100'	2022:11:20 15:14:20	2022:11:20 15:14:20	65535.0	0.0	-05:00	-05:00	-05:00		016	016	Apple	iPhone SE (3rd generation)	16.0	1.0	iPhone SE (3rd generation)	10.868173488087965	1.6959938128383605	9.866873029256517	0.0	5.0	16.0	3.99	53.0	(2012, 1510, 2327, 1332)	2.0	0.0005350454788657035	1.8	b'\x01'	2.0	32.0	0.0	0.0	(3.9900000095374253, 3.9900000095374253, 1.8, 1.8)	Apple	iPhone SE (3rd generation) back camera 3.99mm f/1.8	2.0	1.899497487437186																										
images/IMG_0950.jpeg	6	2.0	250	72.0	72.0	4032	3024	672	2023:06:01 08:11:05	b'0232'	b'\x01\x02\x03\x00'	b'0100'	2023:06:01 08:11:05	2023:06:01 08:11:05	65535.0	0.0	-07:00	-07:00	-07:00		688	688	Apple	iPhone SE (3rd generation)	16.0	1.0	iPhone SE (3rd generation)	5.90712143928036	1.6959938128383605	2.219613011441922	0.0	5.0	16.0	3.99	28.0	(1063, 1429, 358, 362)	2.0	0.016666666666666666	1.8	b'\x01'	2.0	200.0	0.0	0.0	(3.9900000095374253, 3.9900000095374253, 1.8, 1.8)	Apple	iPhone SE (3rd generation) back camera 3.99mm f/1.8	2.0																											
images/IMG_0614.jpeg	1	2.0	250	72.0	72.0	4032	3024	673	2023:02:24 14:52:18	b'0232'	b'\x01\x02\x03\x00'	b'0100'	2023:02:24 14:52:18	2023:02:24 14:52:18	65535.0	0.0	-08:00	-08:00	-08:00		199	199	Apple	iPhone SE (3rd generation)	16.0	1.0	iPhone SE (3rd generation)	10.983201343892489	1.6959938128383605	10.033474622323661	0.0	5.0	16.0	3.99	28.0	(1233, 935, 219, 220)	2.0	0.0004940711462450593	1.8	b'\x01'	2.0	32.0	0.0	0.0	(3.9900000095374253, 3.9900000095374253, 1.8, 1.8)	Apple	iPhone SE (3rd generation) back camera 3.99mm f/1.8	2.0																											
images/IMG_0839.jpeg	1	2.0	250	72.0	72.0	4032	3024	132	2023:05:11 16:06:12	b'0232'	b'\x01\x02\x03\x00'	b'0100'	2023:05:11 16:06:12	2023:05:11 16:06:12	65535.0	0.0	-07:00	-07:00	-07:00		223	223	Apple	iPhone SE (3rd generation)	16.0	1.0	iPhone SE (3rd generation)	11.76164356238157	1.6959938128383605	10.708724603039098	0.0	5.0	16.0	3.99	28.0	(2013, 1511, 2217, 1330)	2.0	0.0002880184331797235	1.8	b'\x01'	2.0	32.0	0.0	0.0	(3.9900000095374253, 3.9900000095374253, 1.8, 1.8)	Apple	iPhone SE (3rd generation) back camera 3.99mm f/1.8	2.0																											
images/IMG_0993.jpeg	1	2.0	250	72.0	72.0	4032	3024	240	2023:06:09 12:04:27	b'0232'	b'\x01\x02\x03\x00'	b'0100'	2023:06:09 12:04:27	2023:06:09 12:04:27	65535.0	0.0	-07:00	-07:00	-07:00		666	666	Apple	iPhone SE (3rd generation)	16.0	1.0	iPhone SE (3rd generation)	10.709981458590853	1.6959938128383605	9.604399655892836	0.0	5.0	16.0	3.99	28.0	(232, 1198, 160, 160)	2.0	0.0005970149253731343	1.8	b'\x01'	2.0	32.0	0.0	0.0	(3.9900000095374253, 3.9900000095374253, 1.8, 1.8)	Apple	iPhone SE (3rd generation) back camera 3.99mm f/1.8	2.0																											
images/IMG_0985.jpeg	6	2.0	250	72.0	72.0	4032	3024	459	2023:06:09 11:53:16	b'0232'	b'\x01\x02\x03\x00'	b'0100'	2023:06:09 11:53:16	2023:06:09 11:53:16	65535.0	0.0	-07:00	-07:00	-07:00		858	858	Apple	iPhone SE (3rd generation)	16.0	1.0	iPhone SE (3rd generation)	10.614155955441303	1.6959938128383605	9.748781113677188	0.0	5.0	16.0	3.99	28.0	(1150, 675, 304, 305)	2.0	0.0006381620931716656	1.8	b'\x01'	2.0	32.0	0.0	0.0	(3.9900000095374253, 3.9900000095374253, 1.8, 1.8)	Apple	iPhone SE (3rd generation) back camera 3.99mm f/1.8	2.0																											
images/IMG_0439.jpeg	6	2.0	250	72.0	72.0	4032	3024	747	2022:12:16 06:30:24	b'0232'	b'\x01\x02\x03\x00'	b'0100'	2022:12:16 06:30:24	2022:12:16 06:30:24	65535.0	0.0	-08:00	-08:00	-08:00		569	569	Apple	iPhone SE (3rd generation)	16.0	1.0	iPhone SE (3rd generation)	3.9084423305588585	1.6959938128383605	-3.789882708498237	0.0	5.0	16.0	3.99	51.0	(2012, 1514, 2323, 1332)	2.0	0.06666666666666667	1.8	b'\x01'	2.0	1600.0	0.0	0.0	(3.9900000095374253, 3.9900000095374253, 1.8, 1.8)	Apple	iPhone SE (3rd generation) back camera 3.99mm f/1.8	2.0	1.8																										
images/jolla.jpg	1		146	72.0	72.0			780	2014:09:21 16:00:56	b'0230'		b'0100'	2014:09:21 16:00:56										Jolla	Jolla				4.643856189774724	2.526068811667588		0.0	1.0	0.0	4.0				0.04	2.4			320.0		1.0																														3.0	320.0
images/IMG_0441.jpeg	1	2.0	250	72.0	72.0	4032	3024	971	2022:12:16 07:41:23	b'0232'	b'\x01\x02\x03\x00'	b'0100'	2022:12:16 07:41:23	2022:12:16 07:41:23	65535.0	0.0	-08:00	-08:00	-08:00		492	492	Apple	iPhone SE (3rd generation)	16.0	1.0	iPhone SE (3rd generation)	6.923315041508372	1.6959938128383605	4.50640140579892	0.0	5.0	16.0	3.99	28.0	(2013, 1511, 2217, 1330)	2.0	0.008264462809917356	1.8	b'\x01'	2.0	80.0	0.0	0.0	(3.9900000095374253, 3.9900000095374253, 1.8, 1.8)	Apple	iPhone SE (3rd generation) back camera 3.99mm f/1.8	2.0																											
images/IMG_0841.jpeg	6	2.0	250	72.0	72.0	4032	3024	303	2023:05:12 01:51:18	b'0232'	b'\x01\x02\x03\x00'	b'0100'	2023:05:12 01:51:18	2023:05:12 01:51:18	65535.0	0.0	-07:00	-07:00	-07:00		598	598	Apple	iPhone SE (3rd generation)	16.0	1.0	iPhone SE (3rd generation)	3.9084423305588585	1.6959938128383605	-3.1074450149731714	0.0	5.0	16.0	3.99	46.0	(1286, 685, 562, 564)	2.0	0.06666666666666667	1.8	b'\x01'	2.0	1250.0	0.0	0.0	(3.9900000095374253, 3.9900000095374253, 1.8, 1.8)	Apple	iPhone SE (3rd generation) back camera 3.99mm f/1.8	2.0	1.6240601503759398																										
images/IMG_0457.jpeg	6	2.0	250	72.0	72.0	4032	3024	119	2023:01:07 19:58:15	b'0232'	b'\x01\x02\x03\x00'	b'0100'	2023:01:07 19:58:15	2023:01:07 19:58:15	65535.0	0.0	-08:00	-08:00	-08:00		695	695	Apple	iPhone SE (3rd generation)	16.0	1.0	iPhone SE (3rd generation)	5.321581891505138	1.6959938128383605	0.4342226207824235	0.0	5.0	16.0	3.99	141.0	(2006, 1507, 2322, 1332)	2.0	0.025	1.8	b'\x01'	2.0	400.0	0.0	0.0	(3.9900000095374253, 3.9900000095374253, 1.8, 1.8)	Apple	iPhone SE (3rd generation) back camera 3.99mm f/1.8	2.0	5.006622516556291																										
images/IMG_0683.jpeg	6	2.0	250	72.0	72.0	3088	2320	84	2023:03:15 14:51:38	b'0232'	b'\x01\x02\x03\x00'	b'0100'	2023:03:15 14:51:38	2023:03:15 14:51:38	65535.0	0.0	-07:00	-07:00	-07:00		846	846	Apple	iPhone SE (3rd generation)	16.0	1.0	iPhone SE (3rd generation)	4.444733545340657	2.2750070478484843	0.7902859433458044	0.0	5.0	16.0	2.87	32.0		2.0	0.045454545454545456	2.2	b'\x01'	2.0	320.0	0.0	0.0	(2.8699998854826334, 2.8699998854826334, 2.2, 2.2)	Apple	iPhone SE (3rd generation) front camera 2.87mm f/2.2	2.0																											
images/IMG_0396.jpeg	1	2.0	250	72.0	72.0	4032	3024	276	2022:11:20 15:14:21	b'0232'	b'\x01\x02\x03\x00'	b'0100'	2022:11:20 15:14:21	2022:11:20 15:14:21	65535.0	0.0	-05:00	-05:00	-05:00		022	022	Apple	iPhone SE (3rd generation)	16.0	1.0	iPhone SE (3rd generation)	10.868173488087965	1.6959938128383605	9.861270324014505	0.0	5.0	16.0	3.99	53.0	(2012, 1510, 2327, 1332)	2.0	0.0005350454788657035	1.8	b'\x01'	2.0	32.0	0.0	0.0	(3.9900000095374253, 3.9900000095374253, 1.8, 1.8)	Apple	iPhone SE (3rd generation) back camera 3.99mm f/1.8	2.0	1.899497487437186																										
images/IMG_0953.jpeg	6	2.0	250	72.0	72.0	4032	3024	893	2023:06:01 16:40:39	b'0232'	b'\x01\x02\x03\x00'	b'0100'	2023:06:01 16:40:39	2023:06:01 16:40:39	65535.0	0.0	-07:00	-07:00	-07:00		755	755	Apple	iPhone SE (3rd generation)	16.0	1.0	iPhone SE (3rd generation)	5.90712143928036	1.6959938128383605	1.5622934590125075	0.0	5.0	16.0	3.99	38.0	(2016, 1509, 2324, 1328)	2.0	0.016666666666666666	1.8	b'\x01'	2.0	320.0	0.0	0.0	(3.9900000095374253, 3.9900000095374253, 1.8, 1.8)	Apple	iPhone SE (3rd generation) back camera 3.99mm f/1.8	2.0	1.3524150268336315																										
images/IMG_0400.jpeg	1	2.0	250	72.0	72.0	4032	3024	769	2022:11:20 15:16:48	b'0232'	b'\x01\x02\x03\x00'	b'0100'	2022:11:20 15:16:48	2022:11:20 15:16:48	65535.0	0.0	-05:00	-05:00	-05:00		026	026	Apple	iPhone SE (3rd generation)	16.0	1.0	iPhone SE (3rd generation)	9.840133180937237	1.6959938128383605	8.79615355833271	0.0	5.0	16.0	3.99	44.0	(2236, 793, 249, 249)	2.0	0.0010905125408942203	1.8	b'\x01'	2.0	32.0	0.0	0.0	(3.9900000095374253, 3.9900000095374253, 1.8, 1.8)	Apple	iPhone SE (3rd generation) back camera 3.99mm f/1.8	2.0	1.5539568345323742																										
images/IMG_0928.jpeg	6	2.0	250	72.0	72.0	4032	3024	77	2023:05:28 23:11:10	b'0232'	b'\x01\x02\x03\x00'	b'0100'	2023:05:28 23:11:10	2023:05:28 23:11:10	65535.0	0.0	-07:00	-07:00	-07:00		701	701	Apple	iPhone SE (3rd generation)	16.0	1.0	iPhone SE (3rd generation)	5.90712143928036	1.6959938128383605	2.564732120829345	0.0	5.0	16.0	3.99	28.0	(856, 2482, 308, 308)	2.0	0.016666666666666666	1.8	b'\x01'	2.0	125.0	0.0	0.0	(3.9900000095374253, 3.9900000095374253, 1.8, 1.8)	Apple	iPhone SE (3rd generation) back camera 3.99mm f/1.8	2.0																											
images/IMG_0990.jpeg	1	2.0	250	72.0	72.0	4032	3024	333	2023:06:09 12:04:16	b'0232'	b'\x01\x02\x03\x00'	b'0100'	2023:06:09 12:04:16	2023:06:09 12:04:16	65535.0	0.0	-07:00	-07:00	-07:00		925	925	Apple	iPhone SE (3rd generation)	16.0	1.0	iPhone SE (3rd generation)	10.614155955441303	1.6959938128383605	9.568202850268369	0.0	5.0	16.0	3.99	28.0	(321, 1174, 169, 172)	2.0	0.0006381620931716656	1.8	b'\x01'	2.0	32.0	0.0	0.0	(3.9900000095374253, 3.9900000095374253, 1.8, 1.8)	Apple	iPhone SE (3rd generation) back camera 3.99mm f/1.8	2.0																											
images/IMG_0393 12.34.26 PM.jpeg	1	2.0	250	72.0	72.0	4032	3024	213	2022:11:20 15:14:10	b'0232'	b'\x01\x02\x03\x00'	b'0100'	2022:11:20 15:14:10	2022:11:20 15:14:10	65535.0	0.0	-05:00	-05:00	-05:00		909	909	Apple	iPhone SE (3rd generation)	16.0	1.0	iPhone SE (3rd generation)	10.812627498980008	1.6959938128383605	9.734044026027966	0.0	5.0	16.0	3.99	53.0	(2012, 1510, 2327, 1332)	2.0	0.0005558643690939411	1.8	b'\x01'	2.0	32.0	0.0	0.0	(3.9900000095374253, 3.9900000095374253, 1.8, 1.8)	Apple	iPhone SE (3rd generation) back camera 3.99mm f/1.8	2.0	1.899497487437186																										
images/IMG_0986.jpeg	6	2.0	250	72.0	72.0	4032	3024	899	2023:06:09 11:53:18	b'0232'	b'\x01\x02\x03\x00'	b'0100'	2023:06:09 11:53:18	2023:06:09 11:53:18	65535.0	0.0	-07:00	-07:00	-07:00		992	992	Apple	iPhone SE (3rd generation)	16.0	1.0	iPhone SE (3rd generation)	10.662441888916076	1.6959938128383605	9.814821492967905	0.0	5.0	16.0	3.99	28.0	(1185, 689, 308, 308)	2.0	0.0006169031462060457	1.8	b'\x01'	2.0	32.0	0.0	0.0	(3.9900000095374253, 3.9900000095374253, 1.8, 1.8)	Apple	iPhone SE (3rd generation) back camera 3.99mm f/1.8	2.0																											
images/IMG_0949.jpeg	6	2.0	250	72.0	72.0	4032	3024	251	2023:06:01 08:10:59	b'0232'	b'\x01\x02\x03\x00'	b'0100'	2023:06:01 08:10:59	2023:06:01 08:10:59	65535.0	0.0	-07:00	-07:00	-07:00		950	950	Apple	iPhone SE (3rd generation)	16.0	1.0	iPhone SE (3rd generation)	5.90712143928036	1.6959938128383605	2.234654465505972	0.0	5.0	16.0	3.99	28.0	(1048, 1319, 354, 353)	2.0	0.016666666666666666	1.8	b'\x01'	2.0	200.0	0.0	0.0	(3.9900000095374253, 3.9900000095374253, 1.8, 1.8)	Apple	iPhone SE (3rd generation) back camera 3.99mm f/1.8	2.0																											
images/lp_image (1).jpeg	1	2.0	176	72.0	72.0	1280	800	374	2022:09:02 19:39:44	b'0221'	b'\x01\x02\x03\x00'	b'0100'	2022:09:02 19:39:44	2022:09:02 19:39:44	1.0	0.0	-07:00	-07:00	-07:00	000	000	000	Apple	MacBook Pro		1.0																				Apple	MacBook Pro																										b'ASCII\x00\x00\x00FaceTime Photo'		
images/IMG_0573.jpeg	6	2.0	250	72.0	72.0	4032	3024	486	2023:02:15 16:09:27	b'0232'	b'\x01\x02\x03\x00'	b'0100'	2023:02:15 16:09:27	2023:02:15 16:09:27	65535.0	0.0	-08:00	-08:00	-08:00		576	576	Apple	iPhone SE (3rd generation)	16.0	1.0	iPhone SE (3rd generation)	5.90712143928036	1.6959938128383605	1.7855627512282268	0.0	5.0	16.0	3.99	28.0	(2013, 1511, 2217, 1330)	2.0	0.016666666666666666	1.8	b'\x01'	2.0	250.0	0.0	0.0	(3.9900000095374253, 3.9900000095374253, 1.8, 1.8)	Apple	iPhone SE (3rd generation) back camera 3.99mm f/1.8	2.0																											
images/IMG_0461.jpeg	6	2.0	250	72.0	72.0	4032	3024	973	2023:01:07 20:00:41	b'0232'	b'\x01\x02\x03\x00'	b'0100'	2023:01:07 20:00:41	2023:01:07 20:00:41	65535.0	0.0	-08:00	-08:00	-08:00		859	859	Apple	iPhone SE (3rd generation)	16.0	1.0	iPhone SE (3rd generation)	4.322130087965444	1.6959938128383605	-2.286210521504639	0.0	5.0	16.0	3.99	28.0	(2015, 1511, 2323, 1330)	2.0	0.05	1.8	b'\x01'	2.0	640.0	0.0	0.0	(3.9900000095374253, 3.9900000095374253, 1.8, 1.8)	Apple	iPhone SE (3rd generation) back camera 3.99mm f/1.8	2.0																											
images/IMG_0939.jpg	1	2.0	90	144.0	144.0	750	628	79																																																																			
images/IMG_0437.jpeg	6	2.0	250	72.0	72.0	4032	3024	950	2022:12:16 06:30:20	b'0232'	b'\x01\x02\x03\x00'	b'0100'	2022:12:16 06:30:20	2022:12:16 06:30:20	65535.0	0.0	-08:00	-08:00	-08:00		406	406	Apple	iPhone SE (3rd generation)	16.0	1.0	iPhone SE (3rd generation)	2.0003174267273303	1.6959938128383605	-3.1999944836716683	0.0	5.0	9.0	3.99	51.0	(2012, 1514, 2323, 1332)	2.0	0.25	1.8	b'\x01'	2.0	500.0	0.0	0.0	(3.9900000095374253, 3.9900000095374253, 1.8, 1.8)	Apple	iPhone SE (3rd generation) back camera 3.99mm f/1.8		1.8																										
images/IMG_0837.jpeg	1	2.0	250	72.0	72.0	4032	3024	131	2023:05:11 16:06:05	b'0232'	b'\x01\x02\x03\x00'	b'0100'	2023:05:11 16:06:05	2023:05:11 16:06:05	65535.0	0.0	-07:00	-07:00	-07:00		166	166	Apple	iPhone SE (3rd generation)	16.0	1.0	iPhone SE (3rd generation)	10.983201343892489	1.6959938128383605	9.921576486305945	0.0	5.0	16.0	3.99	28.0	(2013, 1511, 2217, 1330)	2.0	0.0004940711462450593	1.8	b'\x01'	2.0	32.0	0.0	0.0	(3.9900000095374253, 3.9900000095374253, 1.8, 1.8)	Apple	iPhone SE (3rd generation) back camera 3.99mm f/1.8	2.0																											
images/IMG_0374.jpeg	6	2.0	250	72.0	72.0	4032	3024	550	2022:11:19 19:43:35	b'0232'	b'\x01\x02\x03\x00'	b'0100'	2022:11:19 19:43:35	2022:11:19 19:43:35	65535.0	0.0	-05:00	-05:00	-05:00		239	239	Apple	iPhone SE (3rd generation)	16.0	1.0	iPhone SE (3rd generation)	5.506418245264207	1.6959938128383605	1.1323568753344033	0.0	5.0	16.0	3.99	28.0	(3682, 2493, 663, 662)	2.0	0.022222222222222223	1.8	b'\x01'	2.0	320.0	0.0	0.0	(3.9900000095374253, 3.9900000095374253, 1.8, 1.8)	Apple	iPhone SE (3rd generation) back camera 3.99mm f/1.8	2.0																											
images/IMG_0636.jpeg	6	2.0	250	72.0	72.0	3088	2320	871	2023:03:07 16:05:54	b'0232'	b'\x01\x02\x03\x00'	b'0100'	2023:03:07 16:05:54	2023:03:07 16:05:54	65535.0	0.0	-08:00	-08:00	-08:00		131	131	Apple	iPhone SE (3rd generation)	16.0	1.0	iPhone SE (3rd generation)	5.91458622283865	2.2750070478484843	3.804736102749348	0.0	5.0	16.0	2.87	32.0		2.0	0.016666666666666666	2.2	b'\x01'	2.0	100.0	0.0	0.0	(2.8699998854826334, 2.8699998854826334, 2.2, 2.2)	Apple	iPhone SE (3rd generation) front camera 2.87mm f/2.2	2.0																											
images/IMG_6074.jpeg	6	2.0	256	72.0	72.0	4032	3024	867	2023:07:20 00:24:29	b'0232'	b'\x01\x02\x03\x00'	b'0100'	2023:07:20 00:24:29	2023:07:20 00:24:29	65535.0	0.0	-07:00	-07:00	-07:00		940	940	Apple	iPhone 14 Pro Max	16.5.1	1.0	iPhone 14 Pro Max	6.631073005975578	2.275007048020513	3.80950993956164	0.0	5.0	16.0	2.22	24.0	(1883, 1757, 2211, 1324)	2.0	0.010101010101010102	2.2	b'\x01'	2.0	125.0	0.0	0.0	(2.220000028611935, 9.0, 1.7799999713880652, 2.8)	Apple	iPhone 14 Pro Max back triple camera 2.22mm f/2.2	2.0	1.7756433490395072	512.0	512.0																								
images/IMG_0948.jpeg	6	2.0	250	72.0	72.0	4032	3024	456	2023:05:31 18:22:06	b'0232'	b'\x01\x02\x03\x00'	b'0100'	2023:05:31 18:22:06	2023:05:31 18:22:06	65535.0	0.0	-07:00	-07:00	-07:00		197	197	Apple	iPhone SE (3rd generation)	16.0	1.0	iPhone SE (3rd generation)	6.923315041508372	1.6959938128383605	4.408319362950545	0.0	5.0	16.0	3.99	28.0	(2013, 1511, 2217, 1330)	2.0	0.008264462809917356	1.8	b'\x01'	2.0	80.0	0.0	0.0	(3.9900000095374253, 3.9900000095374253, 1.8, 1.8)	Apple	iPhone SE (3rd generation) back camera 3.99mm f/1.8	2.0																											
images/IMG_0987.jpeg	6	2.0	250	72.0	72.0	4032	3024	378	2023:06:09 11:53:20	b'0232'	b'\x01\x02\x03\x00'	b'0100'	2023:06:09 11:53:20	2023:06:09 11:53:20	65535.0	0.0	-07:00	-07:00	-07:00		327	327	Apple	iPhone SE (3rd generation)	16.0	1.0	iPhone SE (3rd generation)	10.662441888916076	1.6959938128383605	9.793662961543376	0.0	5.0	16.0	3.99	28.0	(1511, 2216, 308, 308)	2.0	0.0006169031462060457	1.8	b'\x01'	2.0	32.0	0.0	0.0	(3.9900000095374253, 3.9900000095374253, 1.8, 1.8)	Apple	iPhone SE (3rd generation) back camera 3.99mm f/1.8	2.0																											
images/IMG_0991.jpeg	1	2.0	250	72.0	72.0	4032	3024	762	2023:06:09 12:04:18	b'0232'	b'\x01\x02\x03\x00'	b'0100'	2023:06:09 12:04:18	2023:06:09 12:04:18	65535.0	0.0	-07:00	-07:00	-07:00		188	188	Apple	iPhone SE (3rd generation)	16.0	1.0	iPhone SE (3rd generation)	10.614155955441303	1.6959938128383605	9.587687481619449	0.0	5.0	16.0	3.99	28.0	(334, 1190, 152, 151)	2.0	0.0006381620931716656	1.8	b'\x01'	2.0	32.0	0.0	0.0	(3.9900000095374253, 3.9900000095374253, 1.8, 1.8)	Apple	iPhone SE (3rd generation) back camera 3.99mm f/1.8	2.0																											
images/IMG_0397 12.34.26 PM.jpeg	1	2.0	250	72.0	72.0	4032	3024	62	2022:11:20 15:16:34	b'0232'	b'\x01\x02\x03\x00'	b'0100'	2022:11:20 15:16:34	2022:11:20 15:16:34	65535.0	0.0	-05:00	-05:00	-05:00		433	433	Apple	iPhone SE (3rd generation)	16.0	1.0	iPhone SE (3rd generation)	9.786910327241818	1.6959938128383605	8.780211726384366	0.0	5.0	16.0	3.99	73.0	(2317, 707, 371, 368)	2.0	0.0011325028312570782	1.8	b'\x01'	2.0	32.0	0.0	0.0	(3.9900000095374253, 3.9900000095374253, 1.8, 1.8)	Apple	iPhone SE (3rd generation) back camera 3.99mm f/1.8	2.0	2.589041095890411																										
images/IMG_0397.jpeg	1	2.0	250	72.0	72.0	4032	3024	439	2022:11:20 15:16:34	b'0232'	b'\x01\x02\x03\x00'	b'0100'	2022:11:20 15:16:34	2022:11:20 15:16:34	65535.0	0.0	-05:00	-05:00	-05:00		433	433	Apple	iPhone SE (3rd generation)	16.0	1.0	iPhone SE (3rd generation)	9.786910327241818	1.6959938128383605	8.780211726384366	0.0	5.0	16.0	3.99	73.0	(2317, 707, 371, 368)	2.0	0.0011325028312570782	1.8	b'\x01'	2.0	32.0	0.0	0.0	(3.9900000095374253, 3.9900000095374253, 1.8, 1.8)	Apple	iPhone SE (3rd generation) back camera 3.99mm f/1.8	2.0	2.589041095890411																										
images/IMG_0840.jpeg	1	2.0	250	72.0	72.0	4032	3024	384	2023:05:11 16:06:13	b'0232'	b'\x01\x02\x03\x00'	b'0100'	2023:05:11 16:06:13	2023:05:11 16:06:13	65535.0	0.0	-07:00	-07:00	-07:00		373	373	Apple	iPhone SE (3rd generation)	16.0	1.0	iPhone SE (3rd generation)	11.76164356238157	1.6959938128383605	10.679129819596746	0.0	5.0	16.0	3.99	28.0	(2013, 1511, 2217, 1330)	2.0	0.0002880184331797235	1.8	b'\x01'	2.0	32.0	0.0	0.0	(3.9900000095374253, 3.9900000095374253, 1.8, 1.8)	Apple	iPhone SE (3rd generation) back camera 3.99mm f/1.8	2.0																											
images/IMG_0440.jpeg	6	2.0	250	72.0	72.0	4032	3024	111	2022:12:16 07:18:07	b'0232'	b'\x01\x02\x03\x00'	b'0100'	2022:12:16 07:18:07	2022:12:16 07:18:07	65535.0	0.0	-08:00	-08:00	-08:00		264	264	Apple	iPhone SE (3rd generation)	16.0	1.0	iPhone SE (3rd generation)	5.914238165680473	1.6959938128383605	1.7734638570875505	0.0	5.0	16.0	3.99	28.0	(2015, 1511, 2323, 1330)	2.0	0.016666666666666666	1.8	b'\x01'	2.0	250.0	0.0	0.0	(3.9900000095374253, 3.9900000095374253, 1.8, 1.8)	Apple	iPhone SE (3rd generation) back camera 3.99mm f/1.8	2.0																											
images/IMG_0381.jpeg	6	2.0	250	72.0	72.0	4032	3024	314	2022:11:19 19:51:18	b'0232'	b'\x01\x02\x03\x00'	b'0100'	2022:11:19 19:51:18	2022:11:19 19:51:18	65535.0	0.0	-05:00	-05:00	-05:00		640	640	Apple	iPhone SE (3rd generation)	16.0	1.0	iPhone SE (3rd generation)	4.90712143928036	1.6959938128383605	-0.48291149779368914	0.0	3.0	16.0	3.99	58.0	(1483, 2054, 747, 752)	2.0	0.03333333333333333	1.8	b'\x01'	2.0	640.0	0.0	0.0	(3.9900000095374253, 3.9900000095374253, 1.8, 1.8)	Apple	iPhone SE (3rd generation) back camera 3.99mm f/1.8	2.0	2.0599455040871937																										
images/IMG_6074 12.34.26 PM.jpeg	6	2.0	256	72.0	72.0	4032	3024	680	2023:07:20 00:24:29	b'0232'	b'\x01\x02\x03\x00'	b'0100'	2023:07:20 00:24:29	2023:07:20 00:24:29	65535.0	0.0	-07:00	-07:00	-07:00		940	940	Apple	iPhone 14 Pro Max	16.5.1	1.0	iPhone 14 Pro Max	6.631073005975578	2.275007048020513	3.80950993956164	0.0	5.0	16.0	2.22	24.0	(1883, 1757, 2211, 1324)	2.0	0.010101010101010102	2.2	b'\x01'	2.0	125.0	0.0	0.0	(2.220000028611935, 9.0, 1.7799999713880652, 2.8)	Apple	iPhone 14 Pro Max back triple camera 2.22mm f/2.2	2.0	1.7756433490395072	512.0	512.0																								
images/IMG_0374 12.34.26 PM.jpeg	6	2.0	250	72.0	72.0	4032	3024	297	2022:11:19 19:43:35	b'0232'	b'\x01\x02\x03\x00'	b'0100'	2022:11:19 19:43:35	2022:11:19 19:43:35	65535.0	0.0	-05:00	-05:00	-05:00		239	239	Apple	iPhone SE (3rd generation)	16.0	1.0	iPhone SE (3rd generation)	5.506418245264207	1.6959938128383605	1.1323568753344033	0.0	5.0	16.0	3.99	28.0	(3682, 2493, 663, 662)	2.0	0.022222222222222223	1.8	b'\x01'	2.0	320.0	0.0	0.0	(3.9900000095374253, 3.9900000095374253, 1.8, 1.8)	Apple	iPhone SE (3rd generation) back camera 3.99mm f/1.8	2.0																											
images/IMG_0959.jpeg	6	2.0	250	72.0	72.0	4032	3024	341	2023:06:02 13:16:45	b'0232'	b'\x01\x02\x03\x00'	b'0100'	2023:06:02 13:16:45	2023:06:02 13:16:45	65535.0	0.0	-07:00	-07:00	-07:00		166	166	Apple	iPhone SE (3rd generation)	16.0	1.0	iPhone SE (3rd generation)	6.909027361693629	1.6959938128383605	4.532581749498288	0.0	3.0	16.0	3.99	28.0	(2526, 1406, 751, 756)	2.0	0.008333333333333333	1.8	b'\x01'	2.0	80.0	0.0	0.0	(3.9900000095374253, 3.9900000095374253, 1.8, 1.8)	Apple	iPhone SE (3rd generation) back camera 3.99mm f/1.8	2.0																											
images/IMG_0373.jpeg	6	2.0	250	72.0	72.0	4032	3024	756	2022:11:19 19:43:33	b'0232'	b'\x01\x02\x03\x00'	b'0100'	2022:11:19 19:43:33	2022:11:19 19:43:33	65535.0	0.0	-05:00	-05:00	-05:00		881	881	Apple	iPhone SE (3rd generation)	16.0	1.0	iPhone SE (3rd generation)	5.440404420999749	1.6959938128383605	0.9268870974695004	0.0	5.0	16.0	3.99	28.0	(2395, 152, 304, 305)	2.0	0.023255813953488372	1.8	b'\x01'	2.0	320.0	0.0	0.0	(3.9900000095374253, 3.9900000095374253, 1.8, 1.8)	Apple	iPhone SE (3rd generation) back camera 3.99mm f/1.8	2.0																											
images/IMG_5389.jpeg	1	2.0	250	72.0	72.0	4032	3024	259	2022:10:25 10:35:04	b'0232'	b'\x01\x02\x03\x00'	b'0100'	2022:10:25 10:35:04	2022:10:25 10:35:04	65535.0	0.0	-07:00	-07:00	-07:00		424	424	Apple	iPhone SE (2nd generation)	16.0	1.0	iPhone SE (2nd generation)	8.660689268702718	1.6959938128383605	7.641440501043841	0.0	5.0	16.0	3.99	28.0	(2013, 1511, 2217, 1330)	2.0	0.0024691358024691358	1.8	b'\x01'	2.0	20.0	0.0	0.0	(3.9900000095374253, 3.9900000095374253, 1.8, 1.8)	Apple	iPhone SE (2nd generation) back camera 3.99mm f/1.8	2.0																											
images/IMG_0739.jpeg	3	2.0	250	72.0	72.0	3088	2320	202	2023:04:02 18:41:09	b'0232'	b'\x01\x02\x03\x00'	b'0100'	2023:04:02 18:41:09	2023:04:02 18:41:09	65535.0	0.0	-07:00	-07:00	-07:00		175	175	Apple	iPhone SE (3rd generation)	16.0	1.0	iPhone SE (3rd generation)	5.985210544334132	2.2750070478484843	5.364526764934057	0.0	5.0	16.0	2.87	32.0		2.0	0.015873015873015872	2.2	b'\x01'	2.0	40.0	0.0	0.0	(2.8699998854826334, 2.8699998854826334, 2.2, 2.2)	Apple	iPhone SE (3rd generation) front camera 2.87mm f/2.2	2.0																											
images/IMG_0369.jpeg	6	2.0	250	72.0	72.0	4032	3024	441	2022:11:19 15:48:07	b'0232'	b'\x01\x02\x03\x00'	b'0100'	2022:11:19 15:48:07	2022:11:19 15:48:07	65535.0	0.0	-05:00	-05:00	-05:00		364	364	Apple	iPhone SE (3rd generation)	16.0	1.0	iPhone SE (3rd generation)	7.506614993986369	1.6959938128383605	6.36235170969993	0.0	5.0	16.0	3.99	28.0	(1242, 1438, 185, 187)	2.0	0.005494505494505495	1.8	b'\x01'	2.0	32.0	0.0	0.0	(3.9900000095374253, 3.9900000095374253, 1.8, 1.8)	Apple	iPhone SE (3rd generation) back camera 3.99mm f/1.8	2.0																											
images/IMG_0386.jpeg	1	2.0	250	72.0	72.0	4032	3024	941	2022:11:20 15:12:57	b'0232'	b'\x01\x02\x03\x00'	b'0100'	2022:11:20 15:12:57	2022:11:20 15:12:57	65535.0	0.0	-05:00	-05:00	-05:00		839	839	Apple	iPhone SE (3rd generation)	16.0	1.0	iPhone SE (3rd generation)	10.320543768263246	1.6959938128383605	9.371842960740185	0.0	5.0	16.0	3.99	28.0	(2013, 1511, 2217, 1330)	2.0	0.0007818608287724785	1.8	b'\x01'	2.0	32.0	0.0	0.0	(3.9900000095374253, 3.9900000095374253, 1.8, 1.8)	Apple	iPhone SE (3rd generation) back camera 3.99mm f/1.8	2.0																											
images/IMG_0847.jpeg	6	2.0	250	72.0	72.0	4032	3024	664	2023:05:12 15:42:50	b'0232'	b'\x01\x02\x03\x00'	b'0100'	2023:05:12 15:42:50	2023:05:12 15:42:50	65535.0	0.0	-07:00	-07:00	-07:00		183	183	Apple	iPhone SE (3rd generation)	16.0	1.0	iPhone SE (3rd generation)	5.740586485337866	1.6959938128383605	1.176806248018675	0.0	5.0	16.0	3.99	28.0	(2013, 1511, 2217, 1330)	2.0	0.018867924528301886	1.8	b'\x01'	2.0	320.0	0.0	0.0	(3.9900000095374253, 3.9900000095374253, 1.8, 1.8)	Apple	iPhone SE (3rd generation) back camera 3.99mm f/1.8	2.0																											
images/IMG_0390.jpeg	1	2.0	250	72.0	72.0	4032	3024	951	2022:11:20 15:13:21	b'0232'	b'\x01\x02\x03\x00'	b'0100'	2022:11:20 15:13:21	2022:11:20 15:13:21	65535.0	0.0	-05:00	-05:00	-05:00		771	771	Apple	iPhone SE (3rd generation)	16.0	1.0	iPhone SE (3rd generation)	9.709981447124305	1.6959938128383605	8.544496749607712	0.0	5.0	16.0	3.99	29.0	(2043, 835, 180, 179)	2.0	0.0011933174224343676	1.8	b'\x01'	2.0	32.0	0.0	0.0	(3.9900000095374253, 3.9900000095374253, 1.8, 1.8)	Apple	iPhone SE (3rd generation) back camera 3.99mm f/1.8	2.0	1.0391752577319588																										
images/IMG_0966.jpg	1	2.0	90	144.0	144.0	1071	750	181																																																																			
images/IMG_0999.jpg	1	2.0	90	144.0	144.0	750	777	606																																																																			
images/IMG_0651.jpeg	3	2.0	250	72.0	72.0	3088	2320	990	2023:03:09 17:04:49	b'0232'	b'\x01\x02\x03\x00'	b'0100'	2023:03:09 17:04:49	2023:03:09 17:04:49	65535.0	0.0	-08:00	-08:00	-08:00		775	775	Apple	iPhone SE (3rd generation)	16.0	1.0	iPhone SE (3rd generation)	4.454316244447113	2.2750070478484843	0.8394505641528788	0.0	5.0	16.0	2.87	32.0		2.0	0.045454545454545456	2.2	b'\x01'	2.0	320.0	0.0	0.0	(2.8699998854826334, 2.8699998854826334, 2.2, 2.2)	Apple	iPhone SE (3rd generation) front camera 2.87mm f/2.2	2.0																											
images/IMG_5296.jpeg	1	2.0	230	72.0	72.0	4032	3024	527	2023:09:04 20:07:54	b'0232'	b'\x01\x02\x03\x00'	b'0100'	2023:09:04 20:07:54	2023:09:04 20:07:54	65535.0	0.0	-07:00	-07:00	-07:00		564	564	Apple	iPhone 13 Pro Max	16.6	1.0	iPhone 13 Pro Max	3.990291663223994	2.2750070478484843	-3.5515309022983836	0.0	5.0	9.0	2.71	23.0		2.0	0.0625	2.2	b'\x01'	2.0	2000.0	0.0	0.0	(2.7100000381578897, 2.7100000381578897, 2.2, 2.2)	Apple	iPhone 13 Pro Max front camera 2.71mm f/2.2																												
images/IMG_0954.jpeg	6	2.0	250	72.0	72.0	4032	3024	67	2023:06:01 16:40:40	b'0232'	b'\x01\x02\x03\x00'	b'0100'	2023:06:01 16:40:40	2023:06:01 16:40:40	65535.0	0.0	-07:00	-07:00	-07:00		925	925	Apple	iPhone SE (3rd generation)	16.0	1.0	iPhone SE (3rd generation)	5.90712143928036	1.6959938128383605	1.5377944052376498	0.0	5.0	16.0	3.99	38.0	(2016, 1509, 2324, 1328)	2.0	0.016666666666666666	1.8	b'\x01'	2.0	320.0	0.0	0.0	(3.9900000095374253, 3.9900000095374253, 1.8, 1.8)	Apple	iPhone SE (3rd generation) back camera 3.99mm f/1.8	2.0	1.3524150268336315																										
images/IMG_5486.jpeg	6	2.0	254	72.0	72.0	4032	3024	462	2023:09:10 17:04:29	b'0232'	b'\x01\x02\x03\x00'	b'0100'	2023:09:10 17:04:29	2023:09:10 17:04:29	65535.0	0.0	-07:00	-07:00	-07:00		688	688	Apple	iPhone 13 Pro Max	16.6	1.0	iPhone 13 Pro Max	5.90712143928036	1.6959938128383605	2.060714154377965	0.0	5.0	16.0	1.57	14.0	(1468, 836, 275, 276)	2.0	0.016666666666666666	1.8	b'\x01'	2.0	400.0	0.0	0.0	(1.5700000524639703, 9.0, 1.5, 2.8)	Apple	iPhone 13 Pro Max back triple camera 1.57mm f/1.8	2.0	1.0026525198938991	512.0	512.0																								
images/IMG_0391.jpeg	1	2.0	250	72.0	72.0	4032	3024	742	2022:11:20 15:13:30	b'0232'	b'\x01\x02\x03\x00'	b'0100'	2022:11:20 15:13:30	2022:11:20 15:13:30	65535.0	0.0	-05:00	-05:00	-05:00		866	866	Apple	iPhone SE (3rd generation)	16.0	1.0	iPhone SE (3rd generation)	8.937922506183018	1.6959938128383605	7.872948128693368	0.0	5.0	16.0	3.99	49.0	(1872, 589, 279, 284)	2.0	0.0020408163265306124	1.8	b'\x01'	2.0	32.0	0.0	0.0	(3.9900000095374253, 3.9900000095374253, 1.8, 1.8)	Apple	iPhone SE (3rd generation) back camera 3.99mm f/1.8	2.0	1.7419354838709677																										
images/IMG_0846.jpeg	6	2.0	250	72.0	72.0	4032	3024	14	2023:05:12 15:42:48	b'0232'	b'\x01\x02\x03\x00'	b'0100'	2023:05:12 15:42:48	2023:05:12 15:42:48	65535.0	0.0	-07:00	-07:00	-07:00		873	873	Apple	iPhone SE (3rd generation)	16.0	1.0	iPhone SE (3rd generation)	5.356443002905602	1.6959938128383605	0.6900671248202014	0.0	5.0	16.0	3.99	28.0	(2013, 1511, 2217, 1330)	2.0	0.024390243902439025	1.8	b'\x01'	2.0	320.0	0.0	0.0	(3.9900000095374253, 3.9900000095374253, 1.8, 1.8)	Apple	iPhone SE (3rd generation) back camera 3.99mm f/1.8	2.0																											
images/IMG_0998.jpg	1	2.0	90	144.0	144.0	750	1063	790																																																																			
images/IMG_0738.jpeg	3	2.0	250	72.0	72.0	3088	2320	441	2023:04:02 18:41:07	b'0232'	b'\x01\x02\x03\x00'	b'0100'	2023:04:02 18:41:07	2023:04:02 18:41:07	65535.0	0.0	-07:00	-07:00	-07:00		322	322	Apple	iPhone SE (3rd generation)	16.0	1.0	iPhone SE (3rd generation)	5.970842572062084	2.2750070478484843	5.369877038584444	0.0	5.0	16.0	2.87	32.0		2.0	0.015873015873015872	2.2	b'\x01'	2.0	40.0	0.0	0.0	(2.8699998854826334, 2.8699998854826334, 2.2, 2.2)	Apple	iPhone SE (3rd generation) front camera 2.87mm f/2.2	2.0																											
images/IMG_0387.jpeg	1	2.0	250	72.0	72.0	4032	3024	534	2022:11:20 15:12:58	b'0232'	b'\x01\x02\x03\x00'	b'0100'	2022:11:20 15:12:58	2022:11:20 15:12:58	65535.0	0.0	-05:00	-05:00	-05:00		862	862	Apple	iPhone SE (3rd generation)	16.0	1.0	iPhone SE (3rd generation)	10.320543768263246	1.6959938128383605	9.291592374159924	0.0	5.0	16.0	3.99	28.0	(2013, 1511, 2217, 1330)	2.0	0.0007818608287724785	1.8	b'\x01'	2.0	32.0	0.0	0.0	(3.9900000095374253, 3.9900000095374253, 1.8, 1.8)	Apple	iPhone SE (3rd generation) back camera 3.99mm f/1.8	2.0																											
images/Message_1665114879394 12.34.26 PM.jpg	0	2.0	90	72.0	72.0	1024	768	818		b'0210'	b'\x01\x02\x03\x00'	b'0100'			1.0	0.0																																																											
images/IMG_0923.jpeg	6	2.0	250	72.0	72.0	4032	3024	163	2023:05:27 12:50:14	b'0232'	b'\x01\x02\x03\x00'	b'0100'	2023:05:27 12:50:14	2023:05:27 12:50:14	65535.0	0.0	-07:00	-07:00	-07:00		421	421	Apple	iPhone SE (3rd generation)	16.0	1.0	iPhone SE (3rd generation)	5.90712143928036	1.6959938128383605	2.309133796356965	0.0	5.0	16.0	3.99	68.0	(1719, 2094, 521, 527)	2.0	0.016666666666666666	1.8	b'\x01'	2.0	200.0	0.0	0.0	(3.9900000095374253, 3.9900000095374253, 1.8, 1.8)	Apple	iPhone SE (3rd generation) back camera 3.99mm f/1.8	2.0	2.4269662921348316																										
images/IMG_0958.jpeg	6	2.0	250	72.0	72.0	4032	3024	105	2023:06:02 13:16:38	b'0232'	b'\x01\x02\x03\x00'	b'0100'	2023:06:02 13:16:38	2023:06:02 13:16:38	65535.0	0.0	-07:00	-07:00	-07:00		985	985	Apple	iPhone SE (3rd generation)	16.0	1.0	iPhone SE (3rd generation)	5.868426314737053	1.6959938128383605	3.386410991014455	0.0	5.0	16.0	3.99	28.0	(2013, 1511, 2217, 1330)	2.0	0.017241379310344827	1.8	b'\x01'	2.0	80.0	0.0	0.0	(3.9900000095374253, 3.9900000095374253, 1.8, 1.8)	Apple	iPhone SE (3rd generation) back camera 3.99mm f/1.8	2.0																											
images/IMG_0806 2.jpg	1	2.0	90	144.0	144.0	750	1094	41																																																																			
